segment_id,driver_id,segment_type,order_id,segment_start_time,segment_end_time
0,4,STOP,1312,"2024-02-09 14:58:42","2024-02-09 15:01:56"
1,4,DRIVE,NULL,"2024-02-09 14:51:20","2024-02-09 14:55:42"
2,4,STOP,1273,"2024-02-24 09:26:31","2024-02-24 09:32:12"
3,4,DRIVE,NULL,"2024-02-24 09:15:02","2024-02-24 09:23:31"
4,1,STOP,1036,"2024-02-24 20:26:23","2024-02-24 20:26:23"
5,1,DRIVE,NULL,"2024-02-24 20:17:02","2024-02-24 20:23:23"
6,1,STOP,NULL,"2024-02-24 20:03:27","2024-02-24 20:20:43"
7,2,STOP,2178,"2024-02-23 09:39:03","2024-02-23 09:40:47"
8,2,DRIVE,NULL,"2024-02-23 09:28:27","2024-02-23 09:36:03"
9,2,STOP,NULL,"2024-02-23 09:14:28","2024-02-23 09:31:22"
10,4,STOP,331,"2024-02-26 07:03:21","2024-02-26 07:06:16"
11,4,DRIVE,NULL,"2024-02-26 06:54:47","2024-02-26 07:00:21"
12,1,STOP,2221,"2024-02-16 04:37:40","2024-02-16 04:40:06"
13,1,DRIVE,NULL,"2024-02-16 04:26:14","2024-02-16 04:34:40"
14,1,STOP,NULL,"2024-02-16 04:16:00","2024-02-16 04:28:51"
15,4,STOP,355,"2024-02-18 21:18:21","2024-02-18 21:22:54"
16,4,DRIVE,NULL,"2024-02-18 21:04:48","2024-02-18 21:15:21"
17,2,STOP,1469,"2024-02-02 07:06:35","2024-02-02 07:06:35"
18,2,DRIVE,NULL,"2024-02-02 06:54:26","2024-02-02 07:03:35"
19,2,STOP,1461,"2024-02-02 21:06:43","2024-02-02 21:08:58"
20,2,DRIVE,NULL,"2024-02-02 20:59:11","2024-02-02 21:03:43"
21,1,STOP,2222,"2024-02-21 15:27:26","2024-02-21 15:27:26"
22,1,DRIVE,NULL,"2024-02-21 15:19:15","2024-02-21 15:24:26"
23,3,STOP,1427,"2024-02-22 18:24:15","2024-02-22 18:26:35"
24,3,DRIVE,NULL,"2024-02-22 18:13:51","2024-02-22 18:21:15"
25,2,STOP,1174,"2024-02-02 14:20:59","2024-02-02 14:23:30"
26,2,DRIVE,NULL,"2024-02-02 14:13:28","2024-02-02 14:13:28"
27,2,STOP,265,"2024-02-07 08:22:27","2024-02-07 08:24:40"
28,2,DRIVE,NULL,"2024-02-07 08:12:03","2024-02-07 08:19:27"
29,2,STOP,NULL,"2024-02-07 08:02:33","2024-02-07 08:15:27"
30,4,STOP,1817,"2024-02-12 19:09:29","2024-02-12 19:14:12"
31,4,DRIVE,NULL,"2024-02-12 19:02:35","2024-02-12 19:06:29"
32,4,STOP,809,"2024-02-26 09:28:53","2024-02-26 09:35:16"
33,4,DRIVE,NULL,"2024-02-26 09:20:27","2024-02-26 09:25:53"
34,1,STOP,2120,"2024-02-28 09:43:53","2024-02-28 09:44:25"
35,1,DRIVE,NULL,"2024-02-28 09:34:12","2024-02-28 09:40:53"
36,1,STOP,351,"2024-02-13 03:05:59","2024-02-13 03:07:40"
37,1,DRIVE,NULL,"2024-02-13 03:00:11","2024-02-13 03:02:59"
38,4,STOP,1325,"2024-02-01 02:50:54","2024-02-01 03:00:10"
39,4,DRIVE,NULL,"2024-02-01 02:43:01","2024-02-01 02:47:54"
40,1,STOP,2129,"2024-02-23 20:35:49","2024-02-23 20:36:38"
41,1,DRIVE,NULL,"2024-02-23 20:27:45","2024-02-23 20:32:49"
42,4,STOP,1359,"2024-02-28 06:45:54","2024-02-28 06:53:52"
43,4,DRIVE,NULL,"2024-02-28 06:38:18","2024-02-28 10:42:54"
44,1,STOP,467,"2024-02-17 18:45:32","2024-02-17 18:46:31"
45,1,DRIVE,NULL,"2024-02-17 18:32:40","2024-02-17 18:42:32"
46,2,STOP,1047,"2024-02-10 15:50:53","2024-02-10 15:52:41"
47,2,DRIVE,NULL,"2024-02-10 15:37:09","2024-02-10 15:47:53"
48,2,STOP,1145,"2024-02-08 19:30:45","2024-02-08 19:32:18"
49,2,DRIVE,NULL,"2024-02-08 19:16:04","2024-02-08 19:27:45"
50,2,STOP,2186,"2024-02-28 08:30:20","2024-02-28 08:33:33"
51,2,DRIVE,NULL,"2024-02-28 08:23:44","2024-02-28 08:27:20"
52,1,STOP,556,"2024-02-21 08:38:17","2024-02-21 08:39:29"
53,1,DRIVE,NULL,"2024-02-21 08:25:10","2024-02-21 08:35:17"
54,3,STOP,304,"2024-02-19 06:17:56","2024-02-19 06:21:56"
55,3,DRIVE,NULL,"2024-02-19 06:06:11","2024-02-19 06:14:56"
56,3,STOP,NULL,"2024-02-19 05:54:30","2024-02-19 06:08:22"
57,4,STOP,414,"2024-02-18 08:09:13","2024-02-18 08:14:03"
58,4,DRIVE,NULL,"2024-02-18 07:55:46","2024-02-18 08:06:13"
59,4,STOP,1999,"2024-02-25 17:12:54","2024-02-25 17:12:54"
60,4,DRIVE,NULL,"2024-02-25 16:57:58","2024-02-25 17:09:54"
61,2,STOP,1210,"2024-02-22 17:42:52","2024-02-22 17:46:05"
62,2,DRIVE,NULL,"2024-02-22 17:34:33","2024-02-22 17:39:52"
63,1,STOP,1962,"2024-02-25 02:09:09","2024-02-25 02:10:07"
64,1,DRIVE,NULL,"2024-02-25 01:57:23","2024-02-25 02:06:09"
65,1,STOP,27,"2024-02-01 20:47:52","2024-02-01 20:48:59"
66,1,DRIVE,NULL,"2024-02-01 20:41:38","2024-02-01 20:44:52"
67,3,STOP,231,"2024-02-03 17:27:10","2024-02-03 17:30:39"
68,3,DRIVE,NULL,"2024-02-03 17:14:00","2024-02-03 17:24:10"
69,2,STOP,2185,"2024-02-03 03:53:28","2024-02-03 03:58:08"
70,2,DRIVE,NULL,"2024-02-03 03:47:33","2024-02-03 03:50:28"
71,1,STOP,48,"2024-02-11 07:59:17","2024-02-11 07:59:17"
72,1,DRIVE,NULL,"2024-02-11 07:48:03","2024-02-11 07:48:03"
73,1,STOP,NULL,"2024-02-11 07:34:57","2024-02-11 07:52:56"
74,3,STOP,1732,"2024-02-28 15:46:33","2024-02-28 15:49:45"
75,3,DRIVE,NULL,"2024-02-28 15:40:27","2024-02-28 15:43:33"
76,2,STOP,1577,"2024-02-13 17:43:33","2024-02-13 17:45:22"
77,2,DRIVE,NULL,"2024-02-13 17:32:09","2024-02-13 17:32:09"
78,3,STOP,2161,"2024-02-20 19:10:13","2024-02-20 19:12:27"
79,3,DRIVE,NULL,"2024-02-20 19:01:41","2024-02-20 19:07:13"
80,1,STOP,152,"2024-02-01 20:41:21","2024-02-01 20:43:22"
81,1,DRIVE,NULL,"2024-02-01 20:31:57","2024-02-01 20:38:21"
82,1,STOP,NULL,"2024-02-01 20:19:30","2024-02-01 20:36:22"
83,3,STOP,328,"2024-02-08 15:22:08","2024-02-08 15:26:21"
84,3,DRIVE,NULL,"2024-02-08 15:15:11","2024-02-08 15:15:11"
85,3,STOP,NULL,"2024-02-08 15:05:44","2024-02-08 15:18:42"
86,4,STOP,66,"2024-02-28 21:22:51","2024-02-28 21:27:47"
87,4,DRIVE,NULL,"2024-02-28 21:15:14","2024-02-28 21:19:51"
88,2,STOP,1591,"2024-02-24 02:08:01","2024-02-24 02:11:02"
89,2,DRIVE,NULL,"2024-02-24 01:57:26","2024-02-24 02:05:01"
90,2,STOP,NULL,"2024-02-24 01:47:36","2024-02-24 02:01:28"
91,4,STOP,235,"2024-02-25 09:59:30","2024-02-25 10:05:42"
92,4,DRIVE,NULL,"2024-02-25 09:54:25","2024-02-25 09:54:25"
93,2,STOP,846,"2024-02-18 16:41:48","2024-02-18 16:44:13"
94,2,DRIVE,NULL,"2024-02-18 16:33:17","2024-02-18 16:38:48"
95,4,STOP,2083,"2024-02-23 20:17:50","2024-02-23 20:21:00"
96,4,DRIVE,NULL,"2024-02-23 20:04:09","2024-02-23 20:14:50"
97,1,STOP,1006,"2024-02-24 14:25:19","2024-02-24 14:26:21"
98,1,DRIVE,NULL,"2024-02-24 14:18:54","2024-02-24 14:18:54"
99,2,STOP,944,"2024-02-27 09:49:31","2024-02-27 09:51:11"
100,2,DRIVE,NULL,"2024-02-27 09:36:23","2024-02-27 09:46:31"
101,3,STOP,186,"2024-02-02 19:22:39","2024-02-02 19:25:44"
102,3,DRIVE,NULL,"2024-02-02 19:13:37","2024-02-02 19:19:39"
103,1,STOP,1531,"2024-02-05 02:06:18","2024-02-05 02:08:15"
104,1,DRIVE,NULL,"2024-02-05 01:57:23","2024-02-05 02:03:18"
105,3,STOP,1822,"2024-02-03 02:32:30","2024-02-03 02:34:44"
106,3,DRIVE,NULL,"2024-02-03 02:21:58","2024-02-03 02:29:30"
107,3,STOP,1822,"2024-02-03 02:32:30","2024-02-03 02:34:44"
108,2,STOP,1007,"2024-02-09 03:58:14","2024-02-09 04:00:12"
109,2,DRIVE,NULL,"2024-02-09 03:52:52","2024-02-09 03:55:14"
110,3,STOP,1669,"2024-02-11 15:31:56","2024-02-11 15:35:13"
111,3,DRIVE,NULL,"2024-02-11 15:20:10","2024-02-11 15:28:56"
112,3,STOP,NULL,"2024-02-11 15:14:41","2024-02-11 15:23:58"
113,3,STOP,2188,"2024-02-10 04:35:49","2024-02-10 04:39:27"
114,3,DRIVE,NULL,"2024-02-10 04:21:06","2024-02-10 04:32:49"
115,3,STOP,NULL,"2024-02-10 04:13:09","2024-02-10 04:24:00"
116,1,STOP,627,"2024-02-01 09:25:06","2024-02-01 09:26:21"
117,1,DRIVE,NULL,"2024-02-01 09:20:05","2024-02-01 09:22:06"
118,3,STOP,629,"2024-02-16 21:21:53","2024-02-16 21:21:53"
119,3,DRIVE,NULL,"2024-02-16 21:07:04","2024-02-16 21:18:53"
120,3,STOP,1624,"2024-02-08 02:17:53","2024-02-08 02:17:53"
121,3,DRIVE,NULL,"2024-02-08 02:11:56","2024-02-08 02:14:53"
122,3,STOP,NULL,"2024-02-08 02:04:05","2024-02-08 02:16:35"
123,2,STOP,1284,"2024-02-23 18:52:41","2024-02-23 18:56:18"
124,2,DRIVE,NULL,"2024-02-23 18:45:34","2024-02-23 18:49:41"
125,2,STOP,NULL,"2024-02-23 18:40:11","2024-02-23 18:50:11"
126,2,STOP,239,"2024-02-17 15:12:56","2024-02-17 15:15:05"
127,2,DRIVE,NULL,"2024-02-17 15:04:35","2024-02-17 15:09:56"
128,1,STOP,2062,"2024-02-12 20:51:59","2024-02-12 20:52:39"
129,1,DRIVE,NULL,"2024-02-12 20:40:07","2024-02-13 00:48:59"
130,1,STOP,1341,"2024-02-27 02:22:05","2024-02-27 02:21:00"
131,1,DRIVE,NULL,"2024-02-27 02:09:27","2024-02-27 02:18:00"
132,2,STOP,1686,"2024-02-03 02:12:15","2024-02-03 02:17:55"
133,2,DRIVE,NULL,"2024-02-03 02:09:15","2024-02-03 02:01:22"
134,4,STOP,969,"2024-02-06 08:58:44","2024-02-06 09:04:58"
135,4,DRIVE,NULL,"2024-02-06 08:53:22","2024-02-06 08:55:44"
136,3,STOP,610,"2024-02-05 07:59:38","2024-02-05 07:56:11"
137,3,DRIVE,NULL,"2024-02-05 07:48:53","2024-02-05 07:53:11"
138,3,STOP,588,"2024-02-10 05:10:12","2024-02-10 05:12:43"
139,3,DRIVE,NULL,"2024-02-10 04:56:35","2024-02-10 05:07:12"
140,3,STOP,NULL,"2024-02-10 04:50:22","2024-02-10 04:58:51"
141,4,STOP,121,"2024-02-07 05:45:56","2024-02-07 05:52:25"
142,4,DRIVE,NULL,"2024-02-07 05:34:38","2024-02-07 05:42:56"
143,4,STOP,NULL,"2024-02-07 05:25:34","2024-02-07 05:36:38"
144,4,STOP,1429,"2024-02-17 21:08:43","2024-02-17 21:11:06"
145,4,DRIVE,NULL,"2024-02-17 20:58:27","2024-02-17 20:58:27"
146,4,STOP,1259,"2024-02-28 17:11:42","2024-02-28 17:20:18"
147,4,DRIVE,NULL,"2024-02-28 17:06:21","2024-02-28 17:08:42"
148,4,STOP,1173,"2024-02-07 06:38:18","2024-02-07 06:45:20"
149,4,DRIVE,NULL,"2024-02-07 06:31:32","2024-02-07 06:35:18"
150,4,STOP,1476,"2024-02-11 08:13:14","2024-02-11 08:18:12"
151,4,DRIVE,NULL,"2024-02-11 08:03:17","2024-02-11 08:10:14"
152,3,STOP,1906,"2024-02-18 08:54:48","2024-02-18 09:00:48"
153,3,DRIVE,NULL,"2024-02-18 08:43:06","2024-02-18 08:51:48"
154,4,STOP,44,"2024-02-19 08:20:38","2024-02-19 08:24:26"
155,4,DRIVE,NULL,"2024-02-19 08:14:04","2024-02-19 08:17:38"
156,1,STOP,2008,"2024-02-14 14:39:59","2024-02-14 14:41:13"
157,1,DRIVE,NULL,"2024-02-14 14:34:17","2024-02-14 14:36:59"
158,2,STOP,1769,"2024-02-17 16:39:27","2024-02-17 16:41:15"
159,2,DRIVE,NULL,"2024-02-17 16:34:18","2024-02-17 16:36:27"
160,1,STOP,1230,"2024-02-23 09:19:09","2024-02-23 09:20:55"
161,1,DRIVE,NULL,"2024-02-23 09:09:17","2024-02-23 09:09:17"
162,3,STOP,1989,"2024-02-23 04:42:36","2024-02-23 04:45:41"
163,3,DRIVE,NULL,"2024-02-23 04:27:53","2024-02-23 04:39:36"
164,3,STOP,NULL,"2024-02-23 04:22:19","2024-02-23 04:31:34"
165,2,STOP,948,"2024-02-01 18:13:12","2024-02-01 18:16:40"
166,2,DRIVE,NULL,"2024-02-01 18:07:10","2024-02-01 18:10:12"
167,4,STOP,2035,"2024-02-08 05:24:17","2024-02-08 05:29:26"
168,4,DRIVE,NULL,"2024-02-08 05:17:51","2024-02-08 05:21:17"
169,4,STOP,NULL,"2024-02-08 05:04:23","2024-02-08 05:20:32"
170,2,STOP,469,"2024-02-12 08:19:11","2024-02-12 08:20:41"
171,2,DRIVE,NULL,"2024-02-12 08:12:42","2024-02-12 08:16:11"
172,3,STOP,546,"2024-02-02 05:17:53","2024-02-02 05:20:16"
173,3,DRIVE,NULL,"2024-02-02 05:03:53","2024-02-02 05:14:53"
174,1,STOP,1620,"2024-02-08 08:48:12","2024-02-08 08:49:18"
175,1,DRIVE,NULL,"2024-02-08 08:36:53","2024-02-08 08:45:12"
176,4,STOP,273,"2024-02-06 14:14:35","2024-02-06 14:18:06"
177,4,DRIVE,NULL,"2024-02-06 14:02:53","2024-02-06 14:11:35"
178,1,STOP,1660,"2024-02-20 07:13:40","2024-02-20 07:14:53"
179,1,DRIVE,NULL,"2024-02-20 07:02:45","2024-02-20 07:10:40"
180,4,STOP,966,"2024-02-17 09:00:19","2024-02-17 09:03:51"
181,4,DRIVE,NULL,"2024-02-17 08:50:17","2024-02-17 08:57:19"
182,3,STOP,771,"2024-02-05 07:26:14","2024-02-05 07:30:46"
183,3,DRIVE,NULL,"2024-02-05 07:20:02","2024-02-05 07:23:14"
184,3,STOP,NULL,"2024-02-05 07:12:37","2024-02-05 07:23:45"
185,1,STOP,1159,"2024-02-13 15:14:38","2024-02-13 15:16:35"
186,1,DRIVE,NULL,"2024-02-13 15:06:17","2024-02-13 15:11:38"
187,1,STOP,1277,"2024-02-19 20:53:46","2024-02-19 20:55:42"
188,1,DRIVE,NULL,"2024-02-19 20:41:06","2024-02-19 20:50:46"
189,4,STOP,967,"2024-02-06 07:54:03","2024-02-06 07:59:08"
190,4,DRIVE,NULL,"2024-02-06 07:48:19","2024-02-06 07:51:03"
191,3,STOP,916,"2024-02-15 18:42:50","2024-02-15 18:45:12"
192,3,DRIVE,NULL,"2024-02-15 18:37:29","2024-02-15 18:39:50"
193,1,STOP,1585,"2024-02-07 21:39:09","2024-02-07 21:40:23"
194,1,DRIVE,NULL,"2024-02-07 21:27:41","2024-02-07 21:36:09"
195,1,STOP,NULL,"2024-02-07 21:14:10","2024-02-07 21:30:11"
196,4,STOP,2169,"2024-02-28 08:22:15","2024-02-28 08:24:32"
197,4,DRIVE,NULL,"2024-02-28 08:11:45","2024-02-28 08:19:15"
198,3,STOP,1841,"2024-02-27 15:13:44","2024-02-27 15:17:21"
199,3,DRIVE,NULL,"2024-02-27 15:08:32","2024-02-27 15:10:44"
200,1,STOP,709,"2024-02-06 15:24:47","2024-02-06 15:25:52"
201,1,DRIVE,NULL,"2024-02-06 15:09:57","2024-02-06 15:21:47"
202,1,STOP,1958,"2024-02-04 02:52:07","2024-02-04 02:52:45"
203,1,DRIVE,NULL,"2024-02-04 02:46:50","2024-02-04 02:46:50"
204,1,STOP,170,"2024-02-25 14:43:45","2024-02-25 14:45:14"
205,1,DRIVE,NULL,"2024-02-25 14:38:12","2024-02-25 14:40:45"
206,3,STOP,1515,"2024-02-25 05:07:56","2024-02-25 05:07:56"
207,3,DRIVE,NULL,"2024-02-25 04:56:33","2024-02-25 05:04:56"
208,3,STOP,1073,"2024-02-09 02:21:19","2024-02-09 02:24:52"
209,3,DRIVE,NULL,"2024-02-09 02:11:33","2024-02-09 02:18:19"
210,1,STOP,1928,"2024-02-21 08:45:35","2024-02-21 08:45:35"
211,1,DRIVE,NULL,"2024-02-21 08:39:46","2024-02-21 08:42:35"
212,2,STOP,2036,"2024-02-14 02:58:33","2024-02-14 02:59:35"
213,2,DRIVE,NULL,"2024-02-14 02:44:03","2024-02-14 02:55:33"
214,2,STOP,NULL,"2024-02-14 02:33:23","2024-02-14 02:48:45"
215,3,STOP,272,"2024-02-13 03:00:19","2024-02-13 03:04:47"
216,3,DRIVE,NULL,"2024-02-13 02:53:06","2024-02-13 02:57:19"
217,4,STOP,1347,"2024-02-05 18:23:19","2024-02-05 18:27:57"
218,4,DRIVE,NULL,"2024-02-05 18:13:07","2024-02-05 18:20:19"
219,4,STOP,1932,"2024-02-06 17:52:30","2024-02-06 17:57:34"
220,4,DRIVE,NULL,"2024-02-06 17:44:07","2024-02-06 17:49:30"
221,1,STOP,1718,"2024-02-15 03:32:18","2024-02-15 03:33:36"
222,1,DRIVE,NULL,"2024-02-15 03:17:54","2024-02-15 03:29:18"
223,1,STOP,NULL,"2024-02-15 03:05:16","2024-02-15 03:21:31"
224,2,STOP,982,"2024-02-09 05:36:22","2024-02-09 05:39:04"
225,2,DRIVE,NULL,"2024-02-09 05:22:58","2024-02-09 05:33:22"
226,4,STOP,255,"2024-02-01 02:23:48","2024-02-01 02:27:19"
227,4,DRIVE,NULL,"2024-02-01 02:15:25","2024-02-01 02:20:48"
228,2,STOP,45,"2024-02-22 15:02:35","2024-02-22 15:03:52"
229,2,DRIVE,NULL,"2024-02-22 14:51:41","2024-02-22 14:59:35"
230,1,STOP,685,"2024-02-08 16:37:18","2024-02-08 16:38:24"
231,1,DRIVE,NULL,"2024-02-08 16:31:12","2024-02-08 16:34:18"
232,2,STOP,2032,"2024-02-02 09:14:17","2024-02-02 09:17:07"
233,2,DRIVE,NULL,"2024-02-02 09:08:33","2024-02-02 09:11:17"
234,3,STOP,2071,"2024-02-12 08:25:23","2024-02-12 08:30:14"
235,3,DRIVE,NULL,"2024-02-12 08:13:15","2024-02-12 08:22:23"
236,3,STOP,NULL,"2024-02-12 08:04:08","2024-02-12 08:16:12"
237,1,STOP,1595,"2024-02-02 17:51:36","2024-02-02 17:53:34"
238,1,DRIVE,NULL,"2024-02-02 17:38:13","2024-02-02 17:48:36"
239,2,STOP,1656,"2024-02-03 18:59:26","2024-02-03 19:01:36"
240,2,DRIVE,NULL,"2024-02-03 18:44:39","2024-02-03 18:56:26"
241,4,STOP,1681,"2024-02-18 08:01:21","2024-02-18 08:06:44"
242,4,DRIVE,NULL,"2024-02-18 07:47:03","2024-02-18 07:58:21"
243,2,STOP,1627,"2024-02-17 06:57:31","2024-02-17 06:59:07"
244,2,DRIVE,NULL,"2024-02-17 06:50:26","2024-02-17 06:54:31"
245,1,STOP,212,"2024-02-02 07:11:27","2024-02-02 07:11:27"
246,1,DRIVE,NULL,"2024-02-02 07:02:55","2024-02-02 07:08:27"
247,1,STOP,NULL,"2024-02-02 06:51:12","2024-02-02 07:05:25"
248,4,STOP,626,"2024-02-05 20:12:04","2024-02-05 20:14:35"
249,4,DRIVE,NULL,"2024-02-05 19:58:08","2024-02-05 20:09:04"
250,3,STOP,961,"2024-02-25 08:35:13","2024-02-25 08:38:59"
251,3,DRIVE,NULL,"2024-02-25 08:22:25","2024-02-25 08:32:13"
252,2,STOP,979,"2024-02-08 17:53:55","2024-02-08 17:58:31"
253,2,DRIVE,NULL,"2024-02-08 17:43:36","2024-02-08 17:50:55"
254,3,STOP,245,"2024-02-10 21:54:50","2024-02-10 21:57:59"
255,3,DRIVE,NULL,"2024-02-10 21:48:24","2024-02-10 21:51:50"
256,4,STOP,885,"2024-02-26 06:22:43","2024-02-26 06:25:13"
257,4,DRIVE,NULL,"2024-02-26 06:14:11","2024-02-26 06:19:43"
258,2,STOP,563,"2024-02-09 09:15:33","2024-02-09 09:18:01"
259,2,DRIVE,NULL,"2024-02-09 09:01:57","2024-02-09 09:12:33"
260,4,STOP,1771,"2024-02-25 14:58:46","2024-02-25 15:05:33"
261,4,DRIVE,NULL,"2024-02-25 14:47:54","2024-02-25 14:55:46"
262,1,STOP,1571,"2024-02-17 04:58:23","2024-02-17 05:00:28"
263,1,DRIVE,NULL,"2024-02-17 04:46:00","2024-02-17 04:55:23"
264,4,STOP,2002,"2024-02-17 03:53:02","2024-02-17 03:53:02"
265,4,DRIVE,NULL,"2024-02-17 03:43:20","2024-02-17 07:50:02"
266,1,STOP,1890,"2024-02-15 15:51:24","2024-02-15 15:52:22"
267,1,DRIVE,NULL,"2024-02-15 15:38:20","2024-02-15 15:48:24"
268,4,STOP,1124,"2024-02-06 18:18:09","2024-02-06 18:22:19"
269,4,DRIVE,NULL,"2024-02-06 18:11:50","2024-02-06 18:15:09"
270,2,STOP,2122,"2024-02-27 14:35:15","2024-02-27 14:36:54"
271,2,DRIVE,NULL,"2024-02-27 14:23:22","2024-02-27 14:32:15"
272,2,STOP,NULL,"2024-02-27 14:09:55","2024-02-27 14:28:05"
273,3,STOP,773,"2024-02-17 07:25:51","2024-02-17 07:28:49"
274,3,DRIVE,NULL,"2024-02-17 07:17:16","2024-02-17 07:22:51"
275,3,STOP,813,"2024-02-03 21:51:03","2024-02-03 21:53:34"
276,3,DRIVE,NULL,"2024-02-03 21:45:23","2024-02-03 21:48:03"
277,2,STOP,754,"2024-02-27 20:46:18","2024-02-27 20:48:28"
278,2,DRIVE,NULL,"2024-02-27 20:32:24","2024-02-27 20:43:18"
279,2,STOP,NULL,"2024-02-27 20:24:42","2024-02-27 20:37:20"
280,4,STOP,1684,"2024-02-01 16:54:48","2024-02-01 16:59:21"
281,4,DRIVE,NULL,"2024-02-01 16:43:41","2024-02-01 16:51:48"
282,1,STOP,2229,"2024-02-07 05:54:41","2024-02-07 05:55:55"
283,1,DRIVE,NULL,"2024-02-07 05:40:19","2024-02-07 05:51:41"
284,3,STOP,1245,"2024-02-09 21:43:08","2024-02-09 21:45:57"
285,3,DRIVE,NULL,"2024-02-09 21:32:25","2024-02-09 21:40:08"
286,2,STOP,2021,"2024-02-13 06:18:43","2024-02-13 06:18:43"
287,2,DRIVE,NULL,"2024-02-13 06:12:25","2024-02-13 06:15:43"
288,2,STOP,1935,"2024-02-11 19:30:20","2024-02-11 19:32:27"
289,2,DRIVE,NULL,"2024-02-11 19:18:35","2024-02-11 19:27:20"
290,1,STOP,493,"2024-02-23 09:54:44","2024-02-23 09:55:39"
291,1,DRIVE,NULL,"2024-02-23 09:49:15","2024-02-23 09:51:44"
292,1,STOP,NULL,"2024-02-23 09:35:13","2024-02-23 09:54:14"
293,1,STOP,869,"2024-02-18 20:13:31","2024-02-18 20:14:14"
294,1,DRIVE,NULL,"2024-02-18 19:59:07","2024-02-18 20:10:31"
295,1,STOP,163,"2024-02-03 09:25:40","2024-02-03 09:27:16"
296,1,DRIVE,NULL,"2024-02-03 09:15:19","2024-02-03 09:22:40"
297,4,STOP,1545,"2024-02-27 17:17:33","2024-02-27 17:22:08"
298,4,DRIVE,NULL,"2024-02-27 17:10:26","2024-02-27 17:14:33"
299,3,STOP,1087,"2024-02-21 19:36:02","2024-02-21 19:41:10"
300,3,DRIVE,NULL,"2024-02-21 19:24:58","2024-02-21 19:33:02"
301,3,STOP,240,"2024-02-18 14:55:04","2024-02-18 14:59:19"
302,3,DRIVE,NULL,"2024-02-18 14:42:28","2024-02-18 14:42:28"
303,1,STOP,815,"2024-02-22 17:46:59","2024-02-22 17:48:09"
304,1,DRIVE,NULL,"2024-02-22 17:41:21","2024-02-22 17:43:59"
305,3,STOP,1752,"2024-02-21 21:54:38","2024-02-21 21:56:54"
306,3,DRIVE,NULL,"2024-02-21 21:42:10","2024-02-21 21:51:38"
307,3,STOP,NULL,"2024-02-21 21:35:20","2024-02-21 21:44:43"
308,3,STOP,1794,"2024-02-21 08:48:23","2024-02-21 08:51:41"
309,3,DRIVE,NULL,"2024-02-21 08:42:44","2024-02-21 08:45:23"
310,2,STOP,383,"2024-02-08 03:21:48","2024-02-08 03:25:44"
311,2,DRIVE,NULL,"2024-02-08 03:08:55","2024-02-08 03:18:48"
312,1,STOP,1301,"2024-02-26 18:57:23","2024-02-26 18:58:31"
313,1,DRIVE,NULL,"2024-02-26 18:44:30","2024-02-26 18:54:23"
314,3,STOP,1557,"2024-02-03 05:03:10","2024-02-03 05:10:22"
315,3,DRIVE,NULL,"2024-02-03 04:54:27","2024-02-03 05:00:10"
316,2,STOP,1633,"2024-02-20 07:10:07","2024-02-20 07:13:12"
317,2,DRIVE,NULL,"2024-02-20 06:58:36","2024-02-20 07:07:07"
318,2,STOP,839,"2024-02-12 07:42:45","2024-02-12 07:46:26"
319,2,DRIVE,NULL,"2024-02-12 07:31:11","2024-02-12 07:39:45"
320,2,STOP,1009,"2024-02-04 08:30:10","2024-02-04 08:31:27"
321,2,DRIVE,NULL,"2024-02-04 08:20:53","2024-02-04 08:27:10"
322,2,STOP,NULL,"2024-02-04 08:06:44","2024-02-04 08:24:39"
323,4,STOP,1306,"2024-02-01 17:18:15","2024-02-01 17:21:42"
324,4,DRIVE,NULL,"2024-02-01 17:05:18","2024-02-01 17:05:18"
325,4,STOP,NULL,"2024-02-01 16:53:25","2024-02-01 17:09:46"
326,3,STOP,690,"2024-02-14 14:11:30","2024-02-14 14:15:10"
327,3,DRIVE,NULL,"2024-02-14 14:06:25","2024-02-14 14:08:30"
328,4,STOP,991,"2024-02-10 18:37:16","2024-02-10 18:41:47"
329,4,DRIVE,NULL,"2024-02-10 18:29:21","2024-02-10 18:34:16"
330,2,STOP,260,"2024-02-28 21:11:41","2024-02-28 21:14:03"
331,2,DRIVE,NULL,"2024-02-28 21:01:35","2024-02-28 21:08:41"
332,2,STOP,10,"2024-02-28 17:28:08","2024-02-28 17:30:41"
333,2,DRIVE,NULL,"2024-02-28 17:19:30","2024-02-28 17:25:08"
334,2,STOP,NULL,"2024-02-28 17:11:37","2024-02-28 17:22:40"
335,2,STOP,132,"2024-02-10 05:56:23","2024-02-10 05:58:06"
336,2,DRIVE,NULL,"2024-02-10 05:48:43","2024-02-10 05:53:23"
337,2,STOP,NULL,"2024-02-10 05:34:21","2024-02-10 05:53:23"
338,4,STOP,1707,"2024-02-06 03:48:50","2024-02-06 03:53:54"
339,4,DRIVE,NULL,"2024-02-06 03:42:16","2024-02-06 03:45:50"
340,4,STOP,858,"2024-02-15 17:38:20","2024-02-15 17:41:10"
341,4,DRIVE,NULL,"2024-02-15 17:26:37","2024-02-15 17:35:20"
342,2,STOP,1154,"2024-02-07 03:43:33","2024-02-07 03:46:11"
343,2,DRIVE,NULL,"2024-02-07 03:32:45","2024-02-07 03:40:33"
344,2,STOP,NULL,"2024-02-07 03:20:37","2024-02-07 03:35:39"
345,4,STOP,128,"2024-02-09 09:25:12","2024-02-09 09:32:07"
346,4,DRIVE,NULL,"2024-02-09 09:15:21","2024-02-09 09:22:12"
347,4,STOP,NULL,"2024-02-09 09:08:39","2024-02-09 09:17:35"
348,1,STOP,1630,"2024-02-26 19:32:12","2024-02-26 19:32:45"
349,1,DRIVE,NULL,"2024-02-26 19:24:13","2024-02-26 19:29:12"
350,3,STOP,1322,"2024-02-17 14:55:16","2024-02-17 14:59:21"
351,3,DRIVE,NULL,"2024-02-17 14:42:08","2024-02-17 14:52:16"
352,3,STOP,NULL,"2024-02-17 14:28:24","2024-02-17 14:45:28"
353,1,STOP,322,"2024-02-20 08:06:41","2024-02-20 08:08:03"
354,1,DRIVE,NULL,"2024-02-20 07:53:22","2024-02-20 12:03:41"
355,3,STOP,1744,"2024-02-17 02:13:16","2024-02-17 02:15:49"
356,3,DRIVE,NULL,"2024-02-17 02:10:16","2024-02-17 02:03:49"
357,4,STOP,1783,"2024-02-26 07:40:17","2024-02-26 07:51:19"
358,4,DRIVE,NULL,"2024-02-26 07:26:57","2024-02-26 07:37:17"
359,4,STOP,1165,"2024-02-07 15:42:54","2024-02-07 15:50:39"
360,4,DRIVE,NULL,"2024-02-07 15:36:14","2024-02-07 15:39:54"
361,4,STOP,NULL,"2024-02-07 15:26:51","2024-02-07 15:38:50"
362,1,STOP,1026,"2024-02-17 18:20:56","2024-02-17 18:21:25"
363,1,DRIVE,NULL,"2024-02-17 18:10:56","2024-02-17 18:17:56"
364,3,STOP,1931,"2024-02-15 03:55:22","2024-02-15 03:58:15"
365,3,DRIVE,NULL,"2024-02-15 03:47:02","2024-02-15 03:52:22"
366,1,STOP,963,"2024-02-21 19:42:35","2024-02-21 19:44:02"
367,1,DRIVE,NULL,"2024-02-21 19:29:03","2024-02-21 19:39:35"
368,1,STOP,1454,"2024-02-19 14:47:48","2024-02-19 14:48:38"
369,1,DRIVE,NULL,"2024-02-19 14:41:02","2024-02-19 14:44:48"
370,4,STOP,1708,"2024-02-25 03:15:53","2024-02-25 03:18:50"
371,4,DRIVE,NULL,"2024-02-25 03:03:04","2024-02-25 03:12:53"
372,4,STOP,2011,"2024-02-14 20:02:24","2024-02-14 20:05:41"
373,4,DRIVE,NULL,"2024-02-14 19:51:30","2024-02-14 19:59:24"
374,1,STOP,702,"2024-02-11 20:15:36","2024-02-11 20:17:15"
375,1,DRIVE,NULL,"2024-02-11 20:08:13","2024-02-11 20:12:36"
376,1,STOP,NULL,"2024-02-11 19:53:24","2024-02-11 20:12:21"
377,3,STOP,56,"2024-02-03 04:01:06","2024-02-03 04:03:35"
378,3,DRIVE,NULL,"2024-02-03 03:54:20","2024-02-03 03:58:06"
379,3,STOP,NULL,"2024-02-03 03:47:21","2024-02-03 03:58:18"
380,4,STOP,319,"2024-02-24 03:08:19","2024-02-24 03:15:57"
381,4,DRIVE,NULL,"2024-02-24 02:54:42","2024-02-24 03:05:19"
382,4,STOP,1426,"2024-02-28 21:15:22","2024-02-28 21:17:34"
383,4,DRIVE,NULL,"2024-02-28 21:06:27","2024-02-28 21:12:22"
384,1,STOP,2180,"2024-02-20 06:06:59","2024-02-20 06:08:03"
385,1,DRIVE,NULL,"2024-02-20 05:57:01","2024-02-20 06:03:59"
386,3,STOP,898,"2024-02-27 04:03:13","2024-02-27 04:05:06"
387,3,DRIVE,NULL,"2024-02-27 03:50:10","2024-02-27 04:00:13"
388,3,STOP,2146,"2024-02-07 06:07:57","2024-02-07 06:10:46"
389,3,DRIVE,NULL,"2024-02-07 05:58:56","2024-02-07 06:04:57"
390,2,STOP,990,"2024-02-18 14:32:40","2024-02-18 14:34:22"
391,2,DRIVE,NULL,"2024-02-18 14:21:22","2024-02-18 14:29:40"
392,4,STOP,1706,"2024-02-20 17:57:56","2024-02-20 18:00:59"
393,4,DRIVE,NULL,"2024-02-20 17:50:34","2024-02-20 17:54:56"
394,1,STOP,1982,"2024-02-14 09:53:55","2024-02-14 09:55:27"
395,1,DRIVE,NULL,"2024-02-14 09:40:21","2024-02-14 09:50:55"
396,4,STOP,2150,"2024-02-13 08:07:55","2024-02-13 08:12:43"
397,4,DRIVE,NULL,"2024-02-13 07:57:59","2024-02-13 08:04:55"
398,3,STOP,1632,"2024-02-02 18:45:09","2024-02-02 18:47:48"
399,3,DRIVE,NULL,"2024-02-02 18:32:08","2024-02-02 18:42:09"
400,2,STOP,461,"2024-02-08 15:22:20","2024-02-08 19:24:01"
401,2,DRIVE,NULL,"2024-02-08 15:12:07","2024-02-08 15:19:20"
402,2,STOP,NULL,"2024-02-08 14:59:23","2024-02-08 15:14:46"
403,4,STOP,404,"2024-02-26 05:24:50","2024-02-26 05:28:19"
404,4,DRIVE,NULL,"2024-02-26 05:17:41","2024-02-26 05:21:50"
405,3,STOP,2060,"2024-02-12 07:10:51","2024-02-12 07:13:18"
406,3,DRIVE,NULL,"2024-02-12 06:56:50","2024-02-12 07:07:51"
407,2,STOP,78,"2024-02-06 19:51:33","2024-02-06 19:52:59"
408,2,DRIVE,NULL,"2024-02-06 19:42:32","2024-02-06 19:48:33"
409,4,STOP,1733,"2024-02-13 05:10:14","2024-02-13 05:12:46"
410,4,DRIVE,NULL,"2024-02-13 05:01:30","2024-02-13 05:07:14"
411,1,STOP,1674,"2024-02-28 20:15:13","2024-02-28 20:17:13"
412,1,DRIVE,NULL,"2024-02-28 20:06:49","2024-02-28 20:12:13"
413,1,STOP,1044,"2024-02-02 09:32:18","2024-02-02 09:33:08"
414,1,DRIVE,NULL,"2024-02-02 09:26:16","2024-02-02 09:29:18"
415,4,STOP,913,"2024-02-16 19:26:26","2024-02-16 19:30:48"
416,4,DRIVE,NULL,"2024-02-16 19:12:01","2024-02-16 19:23:26"
417,2,STOP,723,"2024-02-09 02:16:37","2024-02-09 02:21:09"
418,2,DRIVE,NULL,"2024-02-09 02:06:18","2024-02-09 02:13:37"
419,1,STOP,881,"2024-02-07 20:44:06","2024-02-07 20:45:10"
420,1,DRIVE,NULL,"2024-02-07 20:33:19","2024-02-07 20:41:06"
421,2,STOP,574,"2024-02-13 18:15:53","2024-02-13 18:18:12"
422,2,DRIVE,NULL,"2024-02-13 18:02:00","2024-02-13 18:12:53"
423,2,STOP,1195,"2024-02-08 19:16:34","2024-02-08 19:18:14"
424,2,DRIVE,NULL,"2024-02-08 19:05:43","2024-02-08 19:13:34"
425,3,STOP,378,"2024-02-13 06:41:39","2024-02-13 06:45:53"
426,3,DRIVE,NULL,"2024-02-13 06:33:08","2024-02-13 06:38:39"
427,1,STOP,1170,"2024-02-09 14:16:31","2024-02-09 14:17:10"
428,1,DRIVE,NULL,"2024-02-09 14:06:49","2024-02-09 14:13:31"
429,2,STOP,167,"2024-02-10 03:15:45","2024-02-10 03:18:27"
430,2,DRIVE,NULL,"2024-02-10 03:04:40","2024-02-10 03:12:45"
431,2,STOP,NULL,"2024-02-10 02:59:04","2024-02-10 03:08:51"
432,3,STOP,718,"2024-02-17 06:50:54","2024-02-17 06:56:26"
433,3,DRIVE,NULL,"2024-02-17 06:42:39","2024-02-17 06:47:54"
434,2,STOP,1499,"2024-02-12 15:43:46","2024-02-12 15:45:30"
435,2,DRIVE,NULL,"2024-02-12 15:35:13","2024-02-12 15:35:13"
436,2,STOP,1703,"2024-02-05 08:16:29","2024-02-05 08:19:25"
437,2,DRIVE,NULL,"2024-02-05 08:05:07","2024-02-05 08:13:29"
438,1,STOP,900,"2024-02-12 08:03:50","2024-02-12 08:06:13"
439,1,DRIVE,NULL,"2024-02-12 07:58:19","2024-02-12 08:00:50"
440,1,STOP,NULL,"2024-02-12 07:52:51","2024-02-12 08:02:21"
441,1,STOP,4,"2024-02-21 14:43:38","2024-02-21 14:44:59"
442,1,DRIVE,NULL,"2024-02-21 14:29:14","2024-02-21 14:40:38"
443,4,STOP,1880,"2024-02-02 03:44:05","2024-02-02 03:51:18"
444,4,DRIVE,NULL,"2024-02-02 03:38:03","2024-02-02 03:41:05"
445,2,STOP,486,"2024-02-23 20:34:04","2024-02-23 20:35:36"
446,2,DRIVE,NULL,"2024-02-23 20:27:20","2024-02-23 20:31:04"
447,2,STOP,NULL,"2024-02-23 20:13:55","2024-02-23 20:30:02"
448,1,STOP,735,"2024-02-03 19:04:13","2024-02-03 19:06:02"
449,1,DRIVE,NULL,"2024-02-03 18:49:24","2024-02-03 19:01:13"
450,2,STOP,1101,"2024-02-11 03:37:21","2024-02-11 03:39:12"
451,2,DRIVE,NULL,"2024-02-11 03:31:26","2024-02-11 03:34:21"
452,2,STOP,NULL,"2024-02-11 03:19:28","2024-02-11 03:35:20"
453,1,STOP,720,"2024-02-13 08:55:39","2024-02-13 08:56:57"
454,1,DRIVE,NULL,"2024-02-13 08:50:17","2024-02-13 08:52:39"
455,1,STOP,NULL,"2024-02-13 08:36:38","2024-02-13 08:54:53"
456,4,STOP,87,"2024-02-13 08:24:07","2024-02-13 08:29:21"
457,4,DRIVE,NULL,"2024-02-13 08:10:51","2024-02-13 08:21:07"
458,4,STOP,388,"2024-02-13 05:41:47","2024-02-13 05:44:59"
459,4,DRIVE,NULL,"2024-02-13 05:35:47","2024-02-13 05:38:47"
460,1,STOP,1799,"2024-02-20 19:10:26","2024-02-20 19:12:00"
461,1,DRIVE,NULL,"2024-02-20 18:56:35","2024-02-20 18:56:35"
462,3,STOP,275,"2024-02-09 04:24:32","2024-02-09 04:29:10"
463,3,DRIVE,NULL,"2024-02-09 04:15:13","2024-02-09 04:21:32"
464,2,STOP,1061,"2024-02-13 18:39:49","2024-02-13 18:42:23"
465,2,DRIVE,NULL,"2024-02-13 18:33:18","2024-02-13 18:36:49"
466,2,STOP,1354,"2024-02-04 03:05:54","2024-02-04 03:10:39"
467,2,DRIVE,NULL,"2024-02-04 02:59:26","2024-02-04 03:02:54"
468,1,STOP,1957,"2024-02-15 20:53:10","2024-02-15 20:53:10"
469,1,DRIVE,NULL,"2024-02-15 20:50:10","2024-02-15 20:40:28"
470,2,STOP,663,"2024-02-28 14:55:34","2024-02-28 14:57:30"
471,2,DRIVE,NULL,"2024-02-28 14:40:38","2024-02-28 14:52:34"
472,4,STOP,371,"2024-02-08 16:51:52","2024-02-08 16:55:38"
473,4,DRIVE,NULL,"2024-02-08 16:45:07","2024-02-08 16:48:52"
474,2,STOP,507,"2024-02-11 02:45:25","2024-02-11 02:47:56"
475,2,DRIVE,NULL,"2024-02-11 02:33:32","2024-02-11 02:42:25"
476,2,STOP,NULL,"2024-02-11 02:23:53","2024-02-11 02:37:09"
477,2,STOP,401,"2024-02-08 07:22:08","2024-02-08 07:23:44"
478,2,DRIVE,NULL,"2024-02-08 07:16:46","2024-02-08 07:19:08"
479,3,STOP,1558,"2024-02-09 15:01:03","2024-02-09 15:04:48"
480,3,DRIVE,NULL,"2024-02-09 14:48:50","2024-02-09 14:58:03"
481,4,STOP,35,"2024-02-26 14:03:57","2024-02-26 14:06:56"
482,4,DRIVE,NULL,"2024-02-26 13:51:37","2024-02-26 14:00:57"
483,4,STOP,NULL,"2024-02-26 13:40:09","2024-02-26 13:54:36"
484,1,STOP,1785,"2024-02-14 05:15:56","2024-02-14 05:16:55"
485,1,DRIVE,NULL,"2024-02-14 05:06:20","2024-02-14 05:12:56"
486,1,STOP,NULL,"2024-02-14 05:00:02","2024-02-14 05:10:20"
487,3,STOP,380,"2024-02-28 14:43:50","2024-02-28 14:47:10"
488,3,DRIVE,NULL,"2024-02-28 14:29:12","2024-02-28 14:40:50"
489,2,STOP,320,"2024-02-09 07:52:41","2024-02-09 07:55:31"
490,2,DRIVE,NULL,"2024-02-09 07:41:10","2024-02-09 07:49:41"
491,4,STOP,2095,"2024-02-12 20:28:23","2024-02-12 20:34:59"
492,4,DRIVE,NULL,"2024-02-12 20:23:22","2024-02-12 20:25:23"
493,4,STOP,NULL,"2024-02-12 20:10:13","2024-02-12 20:28:08"
494,4,STOP,1949,"2024-02-04 05:52:33","2024-02-04 05:58:15"
495,4,DRIVE,NULL,"2024-02-04 05:43:35","2024-02-04 05:49:33"
496,4,STOP,NULL,"2024-02-04 05:29:44","2024-02-04 05:48:28"
497,1,STOP,1177,"2024-02-10 14:16:52","2024-02-10 14:16:52"
498,1,DRIVE,NULL,"2024-02-10 14:09:55","2024-02-10 14:13:52"
499,3,STOP,832,"2024-02-01 17:20:18","2024-02-01 17:22:50"
500,3,DRIVE,NULL,"2024-02-01 17:14:20","2024-02-01 17:17:18"
501,4,STOP,1899,"2024-02-18 04:17:10","2024-02-18 04:23:01"
502,4,DRIVE,NULL,"2024-02-18 04:02:17","2024-02-18 04:14:10"
503,3,STOP,1397,"2024-02-28 15:40:48","2024-02-28 15:43:53"
504,3,DRIVE,NULL,"2024-02-28 15:35:44","2024-02-28 15:37:48"
505,3,STOP,2145,"2024-02-03 08:45:19","2024-02-03 08:48:25"
506,3,DRIVE,NULL,"2024-02-03 08:30:39","2024-02-03 08:42:19"
507,1,STOP,508,"2024-02-25 16:05:21","2024-02-25 16:06:25"
508,1,DRIVE,NULL,"2024-02-25 15:53:26","2024-02-25 16:02:21"
509,1,STOP,NULL,"2024-02-25 15:46:59","2024-02-25 15:57:32"
510,2,STOP,704,"2024-02-11 03:46:19","2024-02-11 03:50:19"
511,2,DRIVE,NULL,"2024-02-11 03:35:33","2024-02-11 03:43:19"
512,3,STOP,1327,"2024-02-26 18:18:29","2024-02-26 18:22:16"
513,3,DRIVE,NULL,"2024-02-26 18:07:06","2024-02-26 18:15:29"
514,3,STOP,NULL,"2024-02-26 17:59:06","2024-02-26 18:11:05"
515,3,STOP,2187,"2024-02-16 02:15:50","2024-02-16 02:19:29"
516,3,DRIVE,NULL,"2024-02-16 02:10:43","2024-02-16 02:12:50"
517,3,STOP,1820,"2024-02-11 09:49:05","2024-02-11 09:53:33"
518,3,DRIVE,NULL,"2024-02-11 09:38:53","2024-02-11 09:46:05"
519,3,STOP,1891,"2024-02-16 20:23:23","2024-02-16 20:27:17"
520,3,DRIVE,NULL,"2024-02-16 20:14:17","2024-02-16 20:20:23"
521,2,STOP,902,"2024-02-04 08:51:15","2024-02-04 08:52:30"
522,2,DRIVE,NULL,"2024-02-04 08:43:28","2024-02-04 08:48:15"
523,2,STOP,NULL,"2024-02-04 08:28:36","2024-02-04 08:46:49"
524,4,STOP,487,"2024-02-15 20:33:53","2024-02-15 20:38:06"
525,4,DRIVE,NULL,"2024-02-15 20:24:46","2024-02-15 20:30:53"
526,4,STOP,NULL,"2024-02-15 20:18:04","2024-02-15 20:29:05"
527,1,STOP,1418,"2024-02-27 14:18:29","2024-02-27 14:19:31"
528,1,DRIVE,NULL,"2024-02-27 14:08:22","2024-02-27 14:15:29"
529,1,STOP,NULL,"2024-02-27 13:55:19","2024-02-27 14:13:15"
530,2,STOP,71,"2024-02-14 02:20:41","2024-02-14 02:22:58"
531,2,DRIVE,NULL,"2024-02-14 02:06:34","2024-02-14 02:17:41"
532,4,STOP,1316,"2024-02-10 02:31:17","2024-02-10 02:33:33"
533,4,DRIVE,NULL,"2024-02-10 02:22:30","2024-02-10 02:28:17"
534,4,STOP,354,"2024-02-23 15:14:31","2024-02-23 15:14:31"
535,4,DRIVE,NULL,"2024-02-23 15:06:55","2024-02-23 15:11:31"
536,4,STOP,NULL,"2024-02-23 14:54:41","2024-02-23 15:10:12"
537,1,STOP,88,"2024-02-23 07:21:03","2024-02-23 07:22:16"
538,1,DRIVE,NULL,"2024-02-23 07:12:55","2024-02-23 07:18:03"
539,2,STOP,1030,"2024-02-10 21:37:09","2024-02-10 21:41:16"
540,2,DRIVE,NULL,"2024-02-10 21:26:40","2024-02-10 21:34:09"
541,2,STOP,NULL,"2024-02-10 21:17:21","2024-02-10 21:30:37"
542,4,STOP,721,"2024-02-24 16:55:52","2024-02-24 16:59:24"
543,4,DRIVE,NULL,"2024-02-24 16:44:25","2024-02-24 16:52:52"
544,1,STOP,993,"2024-02-11 20:01:38","2024-02-11 20:01:38"
545,1,DRIVE,NULL,"2024-02-11 19:55:06","2024-02-11 19:58:38"
546,1,STOP,NULL,"2024-02-11 19:49:52","2024-02-11 20:00:03"
547,4,STOP,728,"2024-02-26 20:31:17","2024-02-26 20:38:55"
548,4,DRIVE,NULL,"2024-02-26 20:18:09","2024-02-26 20:28:17"
549,4,STOP,1862,"2024-02-19 02:09:42","2024-02-19 02:13:03"
550,4,DRIVE,NULL,"2024-02-19 01:56:03","2024-02-19 02:06:42"
551,3,STOP,618,"2024-02-24 06:41:49","2024-02-24 06:48:26"
552,3,DRIVE,NULL,"2024-02-24 06:27:59","2024-02-24 06:38:49"
553,2,STOP,477,"2024-02-14 20:59:04","2024-02-14 21:01:24"
554,2,DRIVE,NULL,"2024-02-14 20:47:06","2024-02-14 20:56:04"
555,2,STOP,NULL,"2024-02-14 20:35:58","2024-02-14 20:51:28"
556,3,STOP,987,"2024-02-16 06:43:01","2024-02-16 06:46:41"
557,3,DRIVE,NULL,"2024-02-16 06:29:27","2024-02-16 06:40:01"
558,3,STOP,303,"2024-02-20 21:54:52","2024-02-20 21:56:14"
559,3,DRIVE,NULL,"2024-02-20 21:40:13","2024-02-20 21:51:52"
560,2,STOP,1878,"2024-02-25 02:30:57","2024-02-25 02:32:36"
561,2,DRIVE,NULL,"2024-02-25 02:23:54","2024-02-25 02:27:57"
562,1,STOP,615,"2024-02-06 14:01:48","2024-02-06 14:03:12"
563,1,DRIVE,NULL,"2024-02-06 13:56:09","2024-02-06 13:58:48"
564,2,STOP,1807,"2024-02-11 20:50:59","2024-02-11 20:54:39"
565,2,DRIVE,NULL,"2024-02-11 20:43:21","2024-02-11 20:47:59"
566,3,STOP,453,"2024-02-12 04:33:51","2024-02-12 04:36:48"
567,3,DRIVE,NULL,"2024-02-12 04:21:30","2024-02-12 04:30:51"
568,3,STOP,NULL,"2024-02-12 04:13:01","2024-02-12 04:24:15"
569,3,STOP,474,"2024-02-23 19:43:16","2024-02-23 19:45:26"
570,3,DRIVE,NULL,"2024-02-23 19:35:46","2024-02-23 19:40:16"
571,3,STOP,794,"2024-02-08 16:01:18","2024-02-08 16:06:37"
572,3,DRIVE,NULL,"2024-02-08 15:49:51","2024-02-08 15:49:51"
573,4,STOP,597,"2024-02-19 21:55:18","2024-02-19 21:59:08"
574,4,DRIVE,NULL,"2024-02-19 21:41:48","2024-02-19 21:52:18"
575,3,STOP,1270,"2024-02-01 16:06:18","2024-02-01 16:10:06"
576,3,DRIVE,NULL,"2024-02-01 15:56:39","2024-02-01 16:03:18"
577,3,STOP,1302,"2024-02-24 21:12:54","2024-02-24 21:14:57"
578,3,DRIVE,NULL,"2024-02-24 21:01:41","2024-02-24 21:09:54"
579,2,STOP,2172,"2024-02-02 18:01:14","2024-02-02 18:02:48"
580,2,DRIVE,NULL,"2024-02-02 17:46:17","2024-02-02 17:58:14"
581,4,STOP,694,"2024-02-15 17:46:59","2024-02-15 17:49:31"
582,4,DRIVE,NULL,"2024-02-15 17:34:47","2024-02-15 17:43:59"
583,2,STOP,870,"2024-02-05 17:10:19","2024-02-05 17:13:29"
584,2,DRIVE,NULL,"2024-02-05 17:02:50","2024-02-05 17:07:19"
585,3,STOP,1486,"2024-02-18 14:26:10","2024-02-18 14:28:47"
586,3,DRIVE,NULL,"2024-02-18 14:14:26","2024-02-18 14:23:10"
587,3,STOP,NULL,"2024-02-18 14:08:29","2024-02-18 14:08:29"
588,2,STOP,337,"2024-02-26 03:49:21","2024-02-26 03:51:48"
589,2,DRIVE,NULL,"2024-02-26 03:38:42","2024-02-26 03:46:21"
590,1,STOP,386,"2024-02-21 18:41:23","2024-02-21 18:42:18"
591,1,DRIVE,NULL,"2024-02-21 18:31:19","2024-02-21 18:38:23"
592,1,STOP,268,"2024-02-16 08:10:10","2024-02-16 08:12:14"
593,1,DRIVE,NULL,"2024-02-16 07:56:44","2024-02-16 08:07:10"
594,1,STOP,2166,"2024-02-15 20:18:25","2024-02-15 20:19:30"
595,1,DRIVE,NULL,"2024-02-15 20:10:25","2024-02-15 20:15:25"
596,1,STOP,NULL,"2024-02-15 19:59:13","2024-02-15 20:15:16"
597,1,STOP,1077,"2024-02-26 16:49:36","2024-02-26 16:50:47"
598,1,DRIVE,NULL,"2024-02-26 16:39:57","2024-02-26 16:46:36"
599,1,STOP,2208,"2024-02-08 20:50:19","2024-02-08 20:51:18"
600,1,DRIVE,NULL,"2024-02-08 20:41:55","2024-02-08 20:47:19"
601,3,STOP,1278,"2024-02-24 08:14:10","2024-02-24 08:20:20"
602,3,DRIVE,NULL,"2024-02-24 07:59:32","2024-02-24 08:11:10"
603,4,STOP,1163,"2024-02-07 09:07:26","2024-02-07 09:12:11"
604,4,DRIVE,NULL,"2024-02-07 09:02:18","2024-02-07 09:04:26"
605,4,STOP,NULL,"2024-02-07 08:54:18","2024-02-07 09:07:06"
606,2,STOP,80,"2024-02-26 16:27:09","2024-02-26 16:31:02"
607,2,DRIVE,NULL,"2024-02-26 16:21:54","2024-02-26 16:24:09"
608,4,STOP,97,"2024-02-05 09:34:07","2024-02-05 09:37:06"
609,4,DRIVE,NULL,"2024-02-05 09:24:10","2024-02-05 09:24:10"
610,4,STOP,95,"2024-02-21 02:17:46","2024-02-21 02:22:40"
611,4,DRIVE,NULL,"2024-02-21 02:04:27","2024-02-21 02:14:46"
612,1,STOP,667,"2024-02-18 17:32:00","2024-02-18 17:32:47"
613,1,DRIVE,NULL,"2024-02-18 17:24:32","2024-02-18 17:24:32"
614,4,STOP,39,"2024-02-21 19:04:14","2024-02-21 19:09:40"
615,4,DRIVE,NULL,"2024-02-21 18:51:10","2024-02-21 19:01:14"
616,2,STOP,1812,"2024-02-27 09:56:47","2024-02-27 09:59:11"
617,2,DRIVE,NULL,"2024-02-27 09:44:06","2024-02-27 09:53:47"
618,1,STOP,1168,"2024-02-03 16:35:39","2024-02-03 16:36:56"
619,1,DRIVE,NULL,"2024-02-03 16:21:02","2024-02-03 16:32:39"
620,1,STOP,1801,"2024-02-10 19:07:03","2024-02-10 19:07:46"
621,1,DRIVE,NULL,"2024-02-10 18:52:17","2024-02-10 19:04:03"
622,1,STOP,NULL,"2024-02-10 18:39:32","2024-02-10 18:55:18"
623,3,STOP,678,"2024-02-10 17:11:18","2024-02-10 17:12:44"
624,3,DRIVE,NULL,"2024-02-10 17:05:55","2024-02-10 17:08:18"
625,3,STOP,897,"2024-02-17 20:28:23","2024-02-17 20:32:46"
626,3,DRIVE,NULL,"2024-02-17 20:15:27","2024-02-17 20:25:23"
627,3,STOP,NULL,"2024-02-17 20:01:08","2024-02-17 20:19:41"
628,3,STOP,1032,"2024-02-04 06:48:03","2024-02-04 06:48:03"
629,3,DRIVE,NULL,"2024-02-04 06:42:08","2024-02-04 06:45:03"
630,1,STOP,1853,"2024-02-17 02:25:17","2024-02-17 02:27:01"
631,1,DRIVE,NULL,"2024-02-17 02:22:17","2024-02-17 02:14:55"
632,1,STOP,2052,"2024-02-22 19:02:30","2024-02-22 19:03:36"
633,1,DRIVE,NULL,"2024-02-22 18:50:08","2024-02-22 18:59:30"
634,1,STOP,NULL,"2024-02-22 18:37:10","2024-02-22 18:53:22"
635,2,STOP,1833,"2024-02-18 03:41:17","2024-02-18 03:44:47"
636,2,DRIVE,NULL,"2024-02-18 03:29:01","2024-02-18 03:38:17"
637,3,STOP,34,"2024-02-17 14:26:13","2024-02-17 14:27:54"
638,3,DRIVE,NULL,"2024-02-17 14:18:54","2024-02-17 14:23:13"
639,3,STOP,1147,"2024-02-04 07:39:31","2024-02-04 07:42:04"
640,3,DRIVE,NULL,"2024-02-04 07:30:24","2024-02-04 07:36:31"
641,3,STOP,NULL,"2024-02-04 07:25:23","2024-02-04 07:33:28"
642,3,STOP,1680,"2024-02-18 02:43:32","2024-02-18 02:43:32"
643,3,DRIVE,NULL,"2024-02-18 02:35:26","2024-02-18 02:40:32"
644,3,STOP,2175,"2024-02-19 04:15:21","2024-02-19 04:17:39"
645,3,DRIVE,NULL,"2024-02-19 04:03:20","2024-02-19 04:12:21"
646,3,STOP,NULL,"2024-02-19 03:55:05","2024-02-19 04:05:52"
647,3,STOP,924,"2024-02-28 21:28:28","2024-02-28 21:30:39"
648,3,DRIVE,NULL,"2024-02-28 21:17:50","2024-02-28 21:17:50"
649,3,STOP,818,"2024-02-13 08:40:03","2024-02-13 08:43:48"
650,3,DRIVE,NULL,"2024-02-13 08:30:12","2024-02-13 08:37:03"
651,1,STOP,1719,"2024-02-18 20:43:34","2024-02-18 20:44:31"
652,1,DRIVE,NULL,"2024-02-18 20:35:39","2024-02-18 20:40:34"
653,4,STOP,2105,"2024-02-15 14:48:53","2024-02-15 14:52:51"
654,4,DRIVE,NULL,"2024-02-15 14:39:31","2024-02-15 14:39:31"
655,4,STOP,NULL,"2024-02-15 14:34:30","2024-02-15 14:42:18"
656,4,STOP,636,"2024-02-23 04:33:08","2024-02-23 08:40:47"
657,4,DRIVE,NULL,"2024-02-23 04:19:22","2024-02-23 04:30:08"
658,1,STOP,1386,"2024-02-11 15:38:07","2024-02-11 15:38:49"
659,1,DRIVE,NULL,"2024-02-11 15:29:21","2024-02-11 15:35:07"
660,1,STOP,NULL,"2024-02-11 15:17:39","2024-02-11 15:34:19"
661,1,STOP,715,"2024-02-08 18:56:47","2024-02-08 18:57:13"
662,1,DRIVE,NULL,"2024-02-08 18:44:20","2024-02-08 18:53:47"
663,2,STOP,1582,"2024-02-26 18:44:43","2024-02-26 18:46:53"
664,2,DRIVE,NULL,"2024-02-26 18:38:06","2024-02-26 18:41:43"
665,2,STOP,953,"2024-02-09 14:42:21","2024-02-09 14:42:21"
666,2,DRIVE,NULL,"2024-02-09 14:28:31","2024-02-09 14:39:21"
667,2,STOP,NULL,"2024-02-09 14:17:33","2024-02-09 14:31:18"
668,3,STOP,1209,"2024-02-11 02:59:32","2024-02-11 03:02:46"
669,3,DRIVE,NULL,"2024-02-11 02:46:11","2024-02-11 02:56:32"
670,1,STOP,1916,"2024-02-22 08:47:44","2024-02-22 08:49:28"
671,1,DRIVE,NULL,"2024-02-22 08:35:49","2024-02-22 08:44:44"
672,3,STOP,1746,"2024-02-18 18:31:32","2024-02-18 18:33:51"
673,3,DRIVE,NULL,"2024-02-18 18:24:51","2024-02-18 18:28:32"
674,2,STOP,840,"2024-02-21 06:28:31","2024-02-21 06:30:24"
675,2,DRIVE,NULL,"2024-02-21 06:14:38","2024-02-21 06:25:31"
676,2,STOP,NULL,"2024-02-21 06:08:49","2024-02-21 06:19:03"
677,4,STOP,158,"2024-02-24 14:44:13","2024-02-24 14:39:53"
678,4,DRIVE,NULL,"2024-02-24 14:33:15","2024-02-24 14:36:53"
679,4,STOP,NULL,"2024-02-24 14:27:22","2024-02-24 14:35:21"
680,4,STOP,158,"2024-02-24 14:39:53","2024-02-24 14:44:13"
681,2,STOP,1117,"2024-02-19 09:22:12","2024-02-19 09:24:05"
682,2,DRIVE,NULL,"2024-02-19 09:14:13","2024-02-19 09:19:12"
683,2,STOP,NULL,"2024-02-19 09:04:30","2024-02-19 09:18:48"
684,4,STOP,285,"2024-02-17 02:25:04","2024-02-17 02:28:01"
685,4,DRIVE,NULL,"2024-02-17 02:12:28","2024-02-17 02:22:04"
686,2,STOP,837,"2024-02-20 06:46:40","2024-02-20 06:47:57"
687,2,DRIVE,NULL,"2024-02-20 06:39:29","2024-02-20 06:43:40"
688,2,STOP,1406,"2024-02-16 19:45:56","2024-02-16 19:48:47"
689,2,DRIVE,NULL,"2024-02-16 19:34:56","2024-02-16 19:42:56"
690,2,STOP,NULL,"2024-02-16 19:20:29","2024-02-16 19:39:06"
691,4,STOP,125,"2024-02-26 04:44:50","2024-02-26 04:47:52"
692,4,DRIVE,NULL,"2024-02-26 04:38:08","2024-02-26 04:41:50"
693,4,STOP,724,"2024-02-16 21:16:11","2024-02-16 21:19:30"
694,4,DRIVE,NULL,"2024-02-16 21:03:31","2024-02-16 21:13:11"
695,2,STOP,1384,"2024-02-21 07:50:05","2024-02-21 07:54:37"
696,2,DRIVE,NULL,"2024-02-21 07:41:36","2024-02-21 07:47:05"
697,1,STOP,2138,"2024-02-01 03:02:51","2024-02-01 03:03:35"
698,1,DRIVE,NULL,"2024-02-01 02:56:02","2024-02-01 02:59:51"
699,3,STOP,661,"2024-02-12 19:46:12","2024-02-12 19:49:13"
700,3,DRIVE,NULL,"2024-02-12 19:32:27","2024-02-12 19:43:12"
701,1,STOP,1512,"2024-02-16 21:23:40","2024-02-16 21:24:29"
702,1,DRIVE,NULL,"2024-02-16 21:10:41","2024-02-16 21:20:40"
703,1,STOP,NULL,"2024-02-16 21:04:55","2024-02-16 21:12:42"
704,4,STOP,1578,"2024-02-24 17:52:09","2024-02-24 17:56:52"
705,4,DRIVE,NULL,"2024-02-24 17:41:48","2024-02-24 17:49:09"
706,4,STOP,2029,"2024-02-04 03:05:32","2024-02-04 03:05:32"
707,4,DRIVE,NULL,"2024-02-04 03:00:12","2024-02-04 03:02:32"
708,4,STOP,NULL,"2024-02-04 02:45:41","2024-02-04 03:03:06"
709,4,STOP,2029,"2024-02-04 03:05:32","2024-02-04 03:12:34"
710,3,STOP,232,"2024-02-03 06:53:31","2024-02-03 06:56:17"
711,3,DRIVE,NULL,"2024-02-03 06:40:20","2024-02-03 06:50:31"
712,2,STOP,1251,"2024-02-15 09:42:02","2024-02-15 09:46:44"
713,2,DRIVE,NULL,"2024-02-15 09:27:37","2024-02-15 09:39:02"
714,2,STOP,NULL,"2024-02-15 09:16:34","2024-02-15 09:32:31"
715,4,STOP,1951,"2024-02-21 04:41:20","2024-02-21 04:44:44"
716,4,DRIVE,NULL,"2024-02-21 04:26:37","2024-02-21 04:38:20"
717,4,STOP,434,"2024-02-15 09:28:06","2024-02-15 09:33:09"
718,4,DRIVE,NULL,"2024-02-15 09:21:46","2024-02-15 09:25:06"
719,4,STOP,1604,"2024-02-22 17:27:28","2024-02-22 17:34:27"
720,4,DRIVE,NULL,"2024-02-22 17:13:37","2024-02-22 17:24:28"
721,4,STOP,2193,"2024-02-06 17:39:41","2024-02-06 17:42:50"
722,4,DRIVE,NULL,"2024-02-06 17:33:02","2024-02-06 17:36:41"
723,2,STOP,61,"2024-02-07 20:24:56","2024-02-07 20:27:25"
724,2,DRIVE,NULL,"2024-02-07 20:17:28","2024-02-07 20:21:56"
725,2,STOP,195,"2024-02-16 14:04:36","2024-02-16 14:05:42"
726,2,DRIVE,NULL,"2024-02-16 13:58:37","2024-02-16 13:58:37"
727,2,STOP,NULL,"2024-02-16 13:45:41","2024-02-16 14:01:37"
728,4,STOP,530,"2024-02-08 20:59:43","2024-02-08 21:05:25"
729,4,DRIVE,NULL,"2024-02-08 20:54:40","2024-02-08 20:56:43"
730,1,STOP,1175,"2024-02-11 21:25:48","2024-02-11 21:25:48"
731,1,DRIVE,NULL,"2024-02-11 21:14:05","2024-02-11 21:22:48"
732,4,STOP,1052,"2024-02-10 02:43:15","2024-02-10 02:46:06"
733,4,DRIVE,NULL,"2024-02-10 02:31:15","2024-02-10 02:40:15"
734,3,STOP,781,"2024-02-04 14:41:24","2024-02-04 14:43:22"
735,3,DRIVE,NULL,"2024-02-04 14:26:54","2024-02-04 14:38:24"
736,4,STOP,1298,"2024-02-24 05:38:16","2024-02-24 05:43:46"
737,4,DRIVE,NULL,"2024-02-24 05:24:23","2024-02-24 05:35:16"
738,4,STOP,50,"2024-02-27 08:12:46","2024-02-27 08:17:25"
739,4,DRIVE,NULL,"2024-02-27 08:04:27","2024-02-27 08:09:46"
740,4,STOP,NULL,"2024-02-27 07:54:11","2024-02-27 08:08:19"
741,2,STOP,1622,"2024-02-26 05:41:54","2024-02-26 05:44:54"
742,2,DRIVE,NULL,"2024-02-26 05:30:08","2024-02-26 05:38:54"
743,1,STOP,1518,"2024-02-07 05:53:01","2024-02-07 05:55:18"
744,1,DRIVE,NULL,"2024-02-07 05:47:21","2024-02-07 05:50:01"
745,3,STOP,2116,"2024-02-19 21:35:25","2024-02-19 21:37:39"
746,3,DRIVE,NULL,"2024-02-19 21:24:06","2024-02-19 21:32:25"
747,3,STOP,425,"2024-02-26 07:13:19","2024-02-26 07:16:38"
748,3,DRIVE,NULL,"2024-02-26 06:59:38","2024-02-26 07:10:19"
749,3,STOP,NULL,"2024-02-26 07:01:46","2024-02-26 06:45:20"
750,2,STOP,1197,"2024-02-20 19:21:42","2024-02-20 19:24:09"
751,2,DRIVE,NULL,"2024-02-20 19:14:16","2024-02-20 19:18:42"
752,4,STOP,1066,"2024-02-04 17:16:12","2024-02-04 17:20:46"
753,4,DRIVE,NULL,"2024-02-04 17:09:32","2024-02-04 17:13:12"
754,1,STOP,998,"2024-02-09 17:43:45","2024-02-09 17:44:30"
755,1,DRIVE,NULL,"2024-02-09 17:38:23","2024-02-09 17:40:45"
756,1,STOP,334,"2024-02-19 17:20:41","2024-02-19 17:22:17"
757,1,DRIVE,NULL,"2024-02-19 17:07:35","2024-02-19 17:17:41"
758,1,STOP,230,"2024-02-07 19:42:14","2024-02-07 19:43:37"
759,1,DRIVE,NULL,"2024-02-07 19:34:38","2024-02-07 19:39:14"
760,1,STOP,NULL,"2024-02-07 19:23:05","2024-02-07 19:39:19"
761,4,STOP,596,"2024-02-13 19:11:55","2024-02-13 19:16:03"
762,4,DRIVE,NULL,"2024-02-13 19:02:41","2024-02-13 19:08:55"
763,4,STOP,NULL,"2024-02-13 18:52:00","2024-02-13 19:05:40"
764,1,STOP,38,"2024-02-20 02:11:13","2024-02-20 02:13:47"
765,1,DRIVE,NULL,"2024-02-20 02:01:28","2024-02-20 02:08:13"
766,1,STOP,693,"2024-02-17 20:59:18","2024-02-17 20:59:18"
767,1,DRIVE,NULL,"2024-02-17 20:45:30","2024-02-17 20:56:18"
768,2,STOP,882,"2024-02-02 15:41:50","2024-02-02 15:43:55"
769,2,DRIVE,NULL,"2024-02-02 15:32:54","2024-02-02 15:38:50"
770,3,STOP,1966,"2024-02-07 07:26:30","2024-02-07 07:29:36"
771,3,DRIVE,NULL,"2024-02-07 07:19:04","2024-02-07 07:19:04"
772,4,STOP,491,"2024-02-24 06:00:45","2024-02-24 06:06:44"
773,4,DRIVE,NULL,"2024-02-24 05:50:35","2024-02-24 05:57:45"
774,4,STOP,NULL,"2024-02-24 05:41:29","2024-02-24 05:54:55"
775,3,STOP,459,"2024-02-04 20:15:28","2024-02-04 20:18:06"
776,3,DRIVE,NULL,"2024-02-04 20:10:11","2024-02-04 20:12:28"
777,3,STOP,NULL,"2024-02-04 19:59:01","2024-02-04 20:14:30"
778,3,STOP,236,"2024-02-19 03:10:27","2024-02-19 03:12:40"
779,3,DRIVE,NULL,"2024-02-19 03:03:42","2024-02-19 03:07:27"
780,4,STOP,1488,"2024-02-21 07:48:05","2024-02-21 07:53:04"
781,4,DRIVE,NULL,"2024-02-21 07:38:34","2024-02-21 07:45:05"
782,4,STOP,NULL,"2024-02-21 07:30:25","2024-02-21 07:42:59"
783,1,STOP,562,"2024-02-22 15:52:57","2024-02-22 15:54:14"
784,1,DRIVE,NULL,"2024-02-22 15:38:06","2024-02-22 15:49:57"
785,4,STOP,1892,"2024-02-27 14:21:13","2024-02-27 14:26:42"
786,4,DRIVE,NULL,"2024-02-27 14:09:10","2024-02-27 14:18:13"
787,3,STOP,318,"2024-02-19 04:00:12","2024-02-19 04:03:33"
788,3,DRIVE,NULL,"2024-02-19 03:48:46","2024-02-19 03:57:12"
789,1,STOP,2017,"2024-02-28 08:24:23","2024-02-28 08:25:31"
790,1,DRIVE,NULL,"2024-02-28 08:15:10","2024-02-28 08:21:23"
791,1,STOP,915,"2024-02-04 14:19:00","2024-02-04 14:16:55"
792,1,DRIVE,NULL,"2024-02-04 14:04:32","2024-02-04 14:13:55"
793,2,STOP,2136,"2024-02-26 07:54:53","2024-02-26 07:57:10"
794,2,DRIVE,NULL,"2024-02-26 07:40:38","2024-02-26 07:51:53"
795,2,STOP,1028,"2024-02-25 09:37:43","2024-02-25 09:37:43"
796,2,DRIVE,NULL,"2024-02-25 09:28:10","2024-02-25 09:34:43"
797,1,STOP,766,"2024-02-10 18:28:28","2024-02-10 18:29:50"
798,1,DRIVE,NULL,"2024-02-10 18:15:36","2024-02-10 18:25:28"
799,3,STOP,394,"2024-02-02 06:43:30","2024-02-02 06:48:00"
800,3,DRIVE,NULL,"2024-02-02 06:32:58","2024-02-02 06:40:30"
801,3,STOP,NULL,"2024-02-02 06:18:36","2024-02-02 06:37:42"
802,4,STOP,1762,"2024-02-07 06:28:08","2024-02-07 06:34:34"
803,4,DRIVE,NULL,"2024-02-07 06:14:43","2024-02-07 06:14:43"
804,4,STOP,1440,"2024-02-08 08:12:25","2024-02-08 08:15:28"
805,4,DRIVE,NULL,"2024-02-08 07:58:15","2024-02-08 08:09:25"
806,4,STOP,NULL,"2024-02-08 07:46:51","2024-02-08 08:03:10"
807,3,STOP,811,"2024-02-25 09:57:53","2024-02-25 10:01:15"
808,3,DRIVE,NULL,"2024-02-25 09:45:22","2024-02-25 09:54:53"
809,1,STOP,608,"2024-02-26 05:55:02","2024-02-26 05:56:00"
810,1,DRIVE,NULL,"2024-02-26 05:45:34","2024-02-26 05:52:02"
811,2,STOP,1648,"2024-02-27 15:29:44","2024-02-27 15:31:01"
812,2,DRIVE,NULL,"2024-02-27 15:23:17","2024-02-27 15:26:44"
813,4,STOP,42,"2024-02-28 08:56:16","2024-02-28 09:04:24"
814,4,DRIVE,NULL,"2024-02-28 08:46:25","2024-02-28 08:53:16"
815,4,STOP,594,"2024-02-08 06:14:36","2024-02-08 06:20:29"
816,4,DRIVE,NULL,"2024-02-08 06:04:20","2024-02-08 06:11:36"
817,4,STOP,1698,"2024-02-05 05:40:40","2024-02-05 05:44:54"
818,4,DRIVE,NULL,"2024-02-05 05:34:22","2024-02-05 05:37:40"
819,4,STOP,1842,"2024-02-21 09:01:02","2024-02-21 09:05:16"
820,4,DRIVE,NULL,"2024-02-21 08:50:47","2024-02-21 08:58:02"
821,4,STOP,NULL,"2024-02-21 08:37:08","2024-02-21 08:55:43"
822,4,STOP,533,"2024-02-14 19:44:10","2024-02-14 19:46:36"
823,4,DRIVE,NULL,"2024-02-14 19:38:32","2024-02-14 19:41:10"
824,4,STOP,NULL,"2024-02-14 19:32:24","2024-02-14 19:42:43"
825,3,STOP,554,"2024-02-10 08:33:17","2024-02-10 08:38:08"
826,3,DRIVE,NULL,"2024-02-10 08:23:04","2024-02-10 08:30:17"
827,3,STOP,227,"2024-02-17 09:22:23","2024-02-17 09:29:15"
828,3,DRIVE,NULL,"2024-02-17 09:12:10","2024-02-17 09:19:23"
829,4,STOP,2085,"2024-02-05 15:47:16","2024-02-05 15:51:02"
830,4,DRIVE,NULL,"2024-02-05 15:37:11","2024-02-05 15:44:16"
831,4,STOP,NULL,"2024-02-05 15:26:45","2024-02-05 15:41:32"
832,4,STOP,1748,"2024-02-07 17:47:20","2024-02-07 17:54:36"
833,4,DRIVE,NULL,"2024-02-07 17:35:50","2024-02-07 17:44:20"
834,1,STOP,74,"2024-02-16 09:13:38","2024-02-16 09:14:37"
835,1,DRIVE,NULL,"2024-02-16 09:06:08","2024-02-16 09:10:38"
836,1,STOP,NULL,"2024-02-16 08:52:13","2024-02-16 09:10:24"
837,4,STOP,1837,"2024-02-06 14:57:13","2024-02-06 15:01:54"
838,4,DRIVE,NULL,"2024-02-06 14:46:16","2024-02-06 14:54:13"
839,4,STOP,NULL,"2024-02-06 14:39:21","2024-02-06 14:49:06"
840,3,STOP,496,"2024-02-28 15:21:10","2024-02-28 15:23:34"
841,3,DRIVE,NULL,"2024-02-28 15:12:59","2024-02-28 15:18:10"
842,1,STOP,758,"2024-02-03 03:19:00","2024-02-03 03:19:48"
843,1,DRIVE,NULL,"2024-02-03 03:11:59","2024-02-03 03:16:00"
844,3,STOP,1260,"2024-02-13 21:19:34","2024-02-13 21:22:26"
845,3,DRIVE,NULL,"2024-02-13 21:10:09","2024-02-13 21:16:34"
846,1,STOP,1576,"2024-02-21 18:40:19","2024-02-21 18:41:50"
847,1,DRIVE,NULL,"2024-02-21 18:32:48","2024-02-21 18:37:19"
848,2,STOP,1383,"2024-02-08 06:06:03","2024-02-08 06:07:45"
849,2,DRIVE,NULL,"2024-02-08 05:52:10","2024-02-08 06:03:03"
850,2,STOP,NULL,"2024-02-08 05:46:41","2024-02-08 05:55:00"
851,1,STOP,927,"2024-02-25 03:57:50","2024-02-25 03:58:34"
852,1,DRIVE,NULL,"2024-02-25 03:51:42","2024-02-25 03:54:50"
853,3,STOP,1953,"2024-02-25 20:31:58","2024-02-25 20:33:49"
854,3,DRIVE,NULL,"2024-02-25 20:19:17","2024-02-25 20:28:58"
855,3,STOP,54,"2024-02-08 18:20:31","2024-02-08 18:22:28"
856,3,DRIVE,NULL,"2024-02-08 18:07:46","2024-02-08 18:17:31"
857,3,STOP,410,"2024-02-20 02:44:19","2024-02-20 02:47:12"
858,3,DRIVE,NULL,"2024-02-20 02:33:32","2024-02-20 06:41:19"
859,2,STOP,890,"2024-02-17 20:11:48","2024-02-17 20:14:16"
860,2,DRIVE,NULL,"2024-02-17 19:59:10","2024-02-17 20:08:48"
861,3,STOP,1750,"2024-02-05 07:38:43","2024-02-05 07:46:07"
862,3,DRIVE,NULL,"2024-02-05 07:23:45","2024-02-05 07:35:43"
863,3,STOP,521,"2024-02-05 09:31:51","2024-02-05 09:36:56"
864,3,DRIVE,NULL,"2024-02-05 09:24:01","2024-02-05 09:28:51"
865,3,STOP,NULL,"2024-02-05 09:15:56","2024-02-05 09:27:39"
866,3,STOP,2164,"2024-02-02 16:30:31","2024-02-02 16:30:31"
867,3,DRIVE,NULL,"2024-02-02 16:27:31","2024-02-02 16:24:43"
868,3,STOP,NULL,"2024-02-02 16:13:47","2024-02-02 16:13:47"
869,4,STOP,1990,"2024-02-25 08:36:14","2024-02-25 08:41:51"
870,4,DRIVE,NULL,"2024-02-25 08:26:57","2024-02-25 08:33:14"
871,4,STOP,NULL,"2024-02-25 08:19:37","2024-02-25 08:29:58"
872,3,STOP,792,"2024-02-14 03:52:42","2024-02-14 03:58:42"
873,3,DRIVE,NULL,"2024-02-14 03:41:48","2024-02-14 03:49:42"
874,3,STOP,NULL,"2024-02-14 03:28:20","2024-02-14 03:45:19"
875,1,STOP,657,"2024-02-08 15:20:40","2024-02-08 15:21:27"
876,1,DRIVE,NULL,"2024-02-08 15:08:04","2024-02-08 15:17:40"
877,1,STOP,NULL,"2024-02-08 14:56:29","2024-02-08 15:12:15"
878,1,STOP,1053,"2024-02-01 02:14:36","2024-02-01 02:15:41"
879,1,DRIVE,NULL,"2024-02-01 02:08:40","2024-02-01 02:11:36"
880,4,STOP,672,"2024-02-12 02:10:58","2024-02-12 02:15:48"
881,4,DRIVE,NULL,"2024-02-12 02:03:29","2024-02-12 02:07:58"
882,2,STOP,1994,"2024-02-21 08:01:54","2024-02-21 08:05:56"
883,2,DRIVE,NULL,"2024-02-21 07:50:37","2024-02-21 07:58:54"
884,2,STOP,NULL,"2024-02-21 07:38:11","2024-02-21 07:53:02"
885,1,STOP,1139,"2024-02-14 08:06:33","2024-02-14 08:07:36"
886,1,DRIVE,NULL,"2024-02-14 07:51:58","2024-02-14 08:03:33"
887,4,STOP,294,"2024-02-21 06:17:21","2024-02-21 06:26:56"
888,4,DRIVE,NULL,"2024-02-21 06:09:37","2024-02-21 06:14:21"
889,2,STOP,77,"2024-02-14 02:01:14","2024-02-14 02:01:14"
890,2,DRIVE,NULL,"2024-02-14 01:51:03","2024-02-14 01:58:14"
891,1,STOP,1927,"2024-02-07 05:32:14","2024-02-07 05:34:02"
892,1,DRIVE,NULL,"2024-02-07 05:23:53","2024-02-07 05:29:14"
893,1,STOP,NULL,"2024-02-07 05:11:26","2024-02-07 05:25:54"
894,1,STOP,1854,"2024-02-17 21:26:43","2024-02-17 21:28:10"
895,1,DRIVE,NULL,"2024-02-17 21:12:12","2024-02-17 21:23:43"
896,2,STOP,822,"2024-02-05 09:20:32","2024-02-05 09:23:41"
897,2,DRIVE,NULL,"2024-02-05 09:14:40","2024-02-05 09:17:32"
898,1,STOP,553,"2024-02-08 09:45:48","2024-02-08 09:46:49"
899,1,DRIVE,NULL,"2024-02-08 09:35:52","2024-02-08 09:42:48"
900,3,STOP,370,"2024-02-27 04:50:43","2024-02-27 04:53:19"
901,3,DRIVE,NULL,"2024-02-27 04:36:14","2024-02-27 04:47:43"
902,4,STOP,398,"2024-02-17 16:15:33","2024-02-17 16:21:28"
903,4,DRIVE,NULL,"2024-02-17 16:06:14","2024-02-17 16:12:33"
904,1,STOP,347,"2024-02-26 07:08:57","2024-02-26 07:09:31"
905,1,DRIVE,NULL,"2024-02-26 07:03:57","2024-02-26 07:05:57"
906,1,STOP,NULL,"2024-02-26 06:56:40","2024-02-26 07:07:50"
907,4,STOP,1749,"2024-02-09 18:15:21","2024-02-09 18:20:18"
908,4,DRIVE,NULL,"2024-02-09 18:04:32","2024-02-09 18:12:21"
909,3,STOP,2217,"2024-02-05 08:55:55","2024-02-05 09:01:42"
910,3,DRIVE,NULL,"2024-02-05 08:46:50","2024-02-05 08:52:55"
911,3,STOP,NULL,"2024-02-05 08:33:57","2024-02-05 08:50:53"
912,1,STOP,175,"2024-02-12 19:31:47","2024-02-12 19:32:38"
913,1,DRIVE,NULL,"2024-02-12 19:23:45","2024-02-12 19:28:47"
914,1,STOP,NULL,"2024-02-12 19:13:21","2024-02-12 19:28:43"
915,3,STOP,214,"2024-02-23 21:27:23","2024-02-23 21:30:58"
916,3,DRIVE,NULL,"2024-02-23 21:20:52","2024-02-23 21:24:23"
917,1,STOP,1981,"2024-02-26 08:41:20","2024-02-26 08:42:14"
918,1,DRIVE,NULL,"2024-02-26 08:28:26","2024-02-26 08:38:20"
919,3,STOP,746,"2024-02-16 18:02:22","2024-02-16 18:08:16"
920,3,DRIVE,NULL,"2024-02-16 17:55:46","2024-02-16 17:59:22"
921,3,STOP,NULL,"2024-02-16 17:41:47","2024-02-16 17:57:57"
922,1,STOP,1898,"2024-02-17 02:33:20","2024-02-17 02:35:03"
923,1,DRIVE,NULL,"2024-02-17 02:27:10","2024-02-17 02:30:20"
924,1,STOP,NULL,"2024-02-17 02:18:34","2024-02-17 02:29:23"
925,2,STOP,1547,"2024-02-10 06:51:15","2024-02-10 06:52:57"
926,2,DRIVE,NULL,"2024-02-10 06:38:42","2024-02-10 06:48:15"
927,2,STOP,1219,"2024-02-21 18:38:24","2024-02-21 18:40:26"
928,2,DRIVE,NULL,"2024-02-21 18:32:14","2024-02-21 18:35:24"
929,2,STOP,296,"2024-02-24 15:36:37","2024-02-24 15:38:44"
930,2,DRIVE,NULL,"2024-02-24 15:29:29","2024-02-24 15:33:37"
931,3,STOP,1537,"2024-02-10 20:22:39","2024-02-10 20:26:11"
932,3,DRIVE,NULL,"2024-02-10 20:11:33","2024-02-10 20:19:39"
933,3,STOP,1886,"2024-02-03 06:33:13","2024-02-03 06:37:32"
934,3,DRIVE,NULL,"2024-02-03 06:26:48","2024-02-03 06:30:13"
935,3,STOP,561,"2024-02-11 02:42:27","2024-02-11 02:46:48"
936,3,DRIVE,NULL,"2024-02-11 02:33:07","2024-02-11 02:39:27"
937,3,STOP,NULL,"2024-02-11 02:19:55","2024-02-11 02:35:25"
938,2,STOP,1264,"2024-02-08 16:33:14","2024-02-08 16:36:47"
939,2,DRIVE,NULL,"2024-02-08 16:19:52","2024-02-08 16:30:14"
940,2,STOP,11,"2024-02-01 04:44:06","2024-02-01 04:46:24"
941,2,DRIVE,NULL,"2024-02-01 04:38:02","2024-02-01 04:41:06"
942,3,STOP,2147,"2024-02-06 03:44:16","2024-02-06 03:47:49"
943,3,DRIVE,NULL,"2024-02-06 03:39:11","2024-02-06 03:41:16"
944,3,STOP,NULL,"2024-02-06 03:33:01","2024-02-06 03:42:25"
945,1,STOP,1716,"2024-02-20 15:31:56","2024-02-20 15:32:57"
946,1,DRIVE,NULL,"2024-02-20 15:19:43","2024-02-20 15:28:56"
947,3,STOP,1671,"2024-02-27 19:02:05","2024-02-27 19:08:10"
948,3,DRIVE,NULL,"2024-02-27 18:53:09","2024-02-27 18:59:05"
949,4,STOP,734,"2024-02-08 02:23:51","2024-02-08 06:28:43"
950,4,DRIVE,NULL,"2024-02-08 02:14:21","2024-02-08 02:14:21"
951,3,STOP,364,"2024-02-14 20:02:16","2024-02-14 20:03:51"
952,3,DRIVE,NULL,"2024-02-14 19:51:41","2024-02-14 19:59:16"
953,4,STOP,1797,"2024-02-03 06:36:36","2024-02-03 06:41:32"
954,4,DRIVE,NULL,"2024-02-03 06:28:16","2024-02-03 06:33:36"
955,1,STOP,592,"2024-02-24 14:26:54","2024-02-24 14:28:18"
956,1,DRIVE,NULL,"2024-02-24 14:21:51","2024-02-24 14:23:54"
957,1,STOP,1248,"2024-02-23 02:14:48","2024-02-23 02:16:08"
958,1,DRIVE,NULL,"2024-02-23 02:05:36","2024-02-23 02:11:48"
959,4,STOP,1781,"2024-02-02 17:44:35","2024-02-02 17:49:55"
960,4,DRIVE,NULL,"2024-02-02 17:36:53","2024-02-02 17:41:35"
961,4,STOP,1120,"2024-02-14 02:04:46","2024-02-14 02:12:51"
962,4,DRIVE,NULL,"2024-02-14 01:56:35","2024-02-14 02:01:46"
963,4,STOP,NULL,"2024-02-14 01:45:10","2024-02-14 02:01:04"
964,4,STOP,1090,"2024-02-02 04:21:30","2024-02-02 04:24:31"
965,4,DRIVE,NULL,"2024-02-02 04:11:23","2024-02-02 04:18:30"
966,4,STOP,NULL,"2024-02-02 03:59:39","2024-02-02 08:15:10"
967,2,STOP,20,"2024-02-25 21:06:48","2024-02-25 21:06:48"
968,2,DRIVE,NULL,"2024-02-25 20:58:36","2024-02-25 21:03:48"
969,4,STOP,1232,"2024-02-08 05:40:44","2024-02-08 05:47:18"
970,4,DRIVE,NULL,"2024-02-08 05:33:55","2024-02-08 05:37:44"
971,4,STOP,NULL,"2024-02-08 05:27:53","2024-02-08 05:37:12"
972,4,STOP,1806,"2024-02-19 02:47:21","2024-02-19 02:57:24"
973,4,DRIVE,NULL,"2024-02-19 02:41:27","2024-02-19 02:44:21"
974,2,STOP,2238,"2024-02-12 15:59:57","2024-02-12 16:02:01"
975,2,DRIVE,NULL,"2024-02-12 15:54:16","2024-02-12 15:56:57"
976,4,STOP,2171,"2024-02-24 04:42:39","2024-02-24 04:44:59"
977,4,DRIVE,NULL,"2024-02-24 04:30:13","2024-02-24 04:39:39"
978,3,STOP,1693,"2024-02-15 07:08:27","2024-02-15 07:13:01"
979,3,DRIVE,NULL,"2024-02-15 07:01:54","2024-02-15 07:05:27"
980,2,STOP,1093,"2024-02-18 14:20:00","2024-02-18 14:23:10"
981,2,DRIVE,NULL,"2024-02-18 14:13:13","2024-02-18 14:17:00"
982,4,STOP,1539,"2024-02-20 08:47:04","2024-02-20 08:53:33"
983,4,DRIVE,NULL,"2024-02-20 08:38:14","2024-02-20 08:44:04"
984,4,STOP,NULL,"2024-02-20 08:33:07","2024-02-20 08:41:31"
985,3,STOP,604,"2024-02-12 14:39:54","2024-02-12 14:42:03"
986,3,DRIVE,NULL,"2024-02-12 14:31:16","2024-02-12 14:31:16"
987,3,STOP,224,"2024-02-12 08:22:01","2024-02-12 08:26:02"
988,3,DRIVE,NULL,"2024-02-12 08:08:54","2024-02-12 08:08:54"
989,3,STOP,NULL,"2024-02-12 08:02:26","2024-02-12 08:13:36"
990,2,STOP,1534,"2024-02-18 08:11:27","2024-02-18 08:13:35"
991,2,DRIVE,NULL,"2024-02-18 07:58:18","2024-02-18 08:08:27"
992,2,STOP,NULL,"2024-02-18 07:43:46","2024-02-18 08:02:14"
993,1,STOP,198,"2024-02-08 09:29:57","2024-02-08 09:31:25"
994,1,DRIVE,NULL,"2024-02-08 09:15:51","2024-02-08 09:26:57"
995,1,STOP,2097,"2024-02-07 05:58:40","2024-02-07 06:00:02"
996,1,DRIVE,NULL,"2024-02-07 05:52:21","2024-02-07 05:55:40"
997,2,STOP,894,"2024-02-26 19:06:53","2024-02-26 19:09:22"
998,2,DRIVE,NULL,"2024-02-26 19:01:12","2024-02-26 19:01:12"
999,1,STOP,548,"2024-02-15 02:34:31","2024-02-15 02:36:03"
